<?xml version='1.0' encoding='UTF-8' ?>
<timeLogEntries>
  <time id="11" comment="We started the project, trying to solve how to convert a hashtable into a matrix" flag="M" />
  <time id="12" comment="Implementing Floyd algorithm" flag="M" />
  <time id="18" start="@1622590780000" comment="Thinking how to show the price and time summary with all restrictions" flag="M" />
  <time id="20" path="/economic-travel/PSP0/Test" start="@1622772896000" comment="Adjusting all methods and testing" flag="M" />
  <time id="19" path="/economic-travel/PSP0/Test" comment="Adjusting all methods and testing" flag="M" />
  <time id="13" comment="Implementing Prim algorithm" flag="M" />
  <time id="14" comment="Adjusting Prim Algorithm" flag="M" />
  <time id="15" comment="Thinking and implementing the best form of represent the floyd and the routes used on floyd" flag="M" />
  <time id="16" comment="Finishing floyd and routes used on floyd" flag="M" />
  <time id="17" comment="Thinking how to show the price and time summary with all restrictions" flag="M" />
</timeLogEntries>
