<?xml version='1.0' encoding='UTF-8' ?>
<timeLogEntries>
  <time id="1" path="/quick-basket/PSP0/Code" start="@1619135587401" delta="28" />
  <time id="2" path="/quick-basket/PSP0/Code" start="@1619192060211" delta="31" />
  <time id="3" path="/quick-basket/PSP0/Code" start="@1619201484840" delta="63" comment="" />
  <time id="4" path="/quick-basket/PSP0/Code" start="@1619208587463" delta="587" comment="I did red black tree and tested it, debbuged it and now all it's fine" />
  <time id="5" path="/quick-basket/PSP0/Code" start="@1619298434142" delta="119" />
  <time id="6" path="/quick-basket/PSP0/Code" start="@1619308978560" delta="214" />
  <time id="7" path="/quick-basket/PSP0/Planning" start="@1619321828904" delta="33" />
  <time id="8" path="/quick-basket/PSP0/Code" start="@1621376130698" delta="11" />
  <time id="9" path="/quick-basket/PSP0/Code" start="@1621380451000" delta="301" />
  <time id="10" path="/quick-basket/PSP0/Code" start="@1621873151046" delta="74" />
  <time id="11" path="/economic-travel/PSP0/Code" start="@1622045461569" delta="905" interrupt="172" />
  <time id="12" path="/economic-travel/PSP0/Code" start="@1622219154644" delta="104" />
  <time id="13" path="/economic-travel/PSP0/Code" start="@1622329552612" delta="223" />
  <time id="14" path="/economic-travel/PSP0/Code" start="@1622349505920" delta="51" />
  <time id="15" path="/economic-travel/PSP0/Code" start="@1622478882620" delta="368" />
  <time id="16" path="/economic-travel/PSP0/Code" start="@1622519372284" delta="131" />
  <time id="17" path="/economic-travel/PSP0/Code" start="@1622570412016" delta="101" />
  <time id="18" path="/economic-travel/PSP0/Code" start="@1622590780920" delta="340" />
  <time id="19" path="/economic-travel/PSP0/Code" start="@1622655537489" delta="249" />
  <time id="20" path="/economic-travel/PSP0/Code" start="@1622772896597" delta="95" />
</timeLogEntries>
