<?xml version='1.0' encoding='UTF-8' ?>
<timeLogEntries>
  <time id="8" path="/BookStore/PSP0/Planning" start="@1614961189000" delta="67" interrupt="1" />
  <time id="9" path="/BookStore/PSP0/Planning" start="@1614966536000" delta="11" />
  <time id="10" path="/BookStore/PSP0/Planning" start="@1614977633000" delta="86" />
  <time id="11" path="/BookStore/PSP0/Planning" start="@1615520318000" delta="82" />
  <time id="12" path="/BookStore/PSP0/Planning" start="@1615569636665" delta="3" />
  <time id="13" path="/BookStore/PSP0/Design" start="@1615569817151" delta="63" />
  <time id="14" path="/BookStore/PSP0/Design" start="@1615577608241" delta="60" />
  <time id="15" path="/BookStore/PSP0/Design" start="@1615582407497" delta="38" />
  <time id="16" path="/QuickBasket/PSP0/Planning" start="@1617838765918" delta="51" comment="Engineering method initiate" />
  <time id="17" path="/QuickBasket/PSP0/Planning" start="@1618677309344" delta="121" comment="Engineering method step 3, 4 and 5" />
  <time id="18" path="/QuickBasket/PSP0/Planning" start="@1618692341281" delta="86" comment="Engineering method step 3, 4 and 5 done" />
  <time id="19" path="/QuickBasket/PSP0/Code" start="@1619133165380" delta="69" comment="Branch created and initialize generics structures" />
  <time id="20" path="/QuickBasket/PSP0/Code" start="@1619191716000" delta="122" comment="Working on insertion and searching nodes on BST (done)" />
  <time id="20" path="/QuickBasket/PSP0/Code" start="@1619191716000" delta="61" comment="Working on insertion and searching nodes on BST (done)" />
  <time id="21" path="/QuickBasket/PSP0/Code" start="@1619214531632" delta="437" interrupt="50" comment="BST and tests done, all trees are well" />
  <time id="22" path="/QuickBasket/PSP0/Code" start="@1619277319526" delta="220" comment="Searching greater and lowest than done" />
  <time id="23" path="/QuickBasket/PSP0/Code" start="@1619298340688" delta="110" comment="Add and delete player done, binary search done too" />
  <time id="24" path="/QuickBasket/PSP0/Test" start="@1619308984335" delta="102" comment="Making tests design on word" />
  <time id="25" path="/QuickBasket/PSP0/Test" start="@1619318887994" delta="145" comment="Making tests design and updating tests" />
  <time id="26" path="/QuickBasket/PSP0/Design" start="@1619377552891" delta="264" comment="Correct bus and program is done" />
  <time id="27" path="/EconomicTravel/PSP0/Planning" start="@1621010973003" delta="54" comment="Initialize project on github and engineering method" />
  <time id="28" path="/EconomicTravel/PSP0/Design" start="@1621014216417" delta="21" comment="Working on engineering method" />
  <time id="29" path="/EconomicTravel/PSP0/Code" start="@1621873133135" delta="73" comment="Thinking how convert from hashTable to matrix" />
  <time id="30" path="/EconomicTravel/PSP0/Code" start="@1622044967429" delta="88" comment="More close to convert from hashtable to matrix" />
  <time id="31" path="/EconomicTravel/PSP0/Code" start="@1622060703368" delta="295" interrupt="42" comment="Adding on matrix and floyd ok" />
  <time id="32" path="/EconomicTravel/PSP0/Code" start="@1622219057567" delta="282" interrupt="29" comment="Making Cali graph" />
  <time id="33" path="/EconomicTravel/PSP0/Design" start="@1622242367100" delta="89" comment="Updating engineering method on solution selection" />
  <time id="34" path="/EconomicTravel/PSP0/Code" start="@1622325245967" delta="243" comment="Working on prim algorithm" />
  <time id="35" path="/EconomicTravel/PSP0/Code" start="@1622346331043" delta="106" comment="Working on represent the edges to GUI" />
  <time id="36" path="/EconomicTravel/PSP0/Code" start="@1622424801592" delta="210" comment="Floyd with edges done" />
  <time id="37" path="/EconomicTravel/PSP0/Code" start="@1622476824368" delta="168" comment="Trying to represent a path on floyd" />
  <time id="38" path="/EconomicTravel/PSP0/Code" start="@1622490854000" delta="114" comment="Trying to represent a path on floyd" />
  <time id="40" path="/EconomicTravel/PSP0/Code" start="@1622515379131" delta="197" comment="Path to floyd ok, two different ways" />
  <time id="41" path="/EconomicTravel/PSP0/Code" start="@1622560708874" delta="161" comment="Deleting some unused methods and making GraphTests" />
  <time id="42" path="/EconomicTravel/PSP0/Test" start="@1622581728212" delta="148" comment="Making tests on code and designs" />
  <time id="43" path="/EconomicTravel/PSP0/Test" start="@1622590605431" delta="134" comment="Making tests on code and designs" />
  <time id="44" path="/EconomicTravel/PSP0/Test" start="@1622602199031" delta="135" comment="Making ADT design and improvment few methods" />
  <time id="45" path="/EconomicTravel/PSP0/Test" start="@1622646228084" delta="328" comment="Updating some tests with designs" />
  <time id="46" path="/EconomicTravel/PSP0/Code" start="@1622739498448" delta="34" comment="Fixing some methods and cali map" />
</timeLogEntries>
