<?xml version='1.0' encoding='UTF-8' ?>
<timeLogEntries>
  <time id="2" path="/Tarea Integradora I/PSP0/Planning" start="@1614961220000" delta="2" />
  <time id="4" path="/Bookstore Project/PSP0/Planning" start="@1614961421412" delta="73" />
  <time id="5" path="/Bookstore Project/PSP0/Code" start="@1615922118000" />
  <time id="7" path="/Bookstore Project/PSP0/Planning" start="@1615922092191" delta="2" />
  <time id="8" path="/Bookstore Project/PSP0/Code" start="@1615922207483" delta="106" />
  <time id="9" path="/Bookstore Project/PSP0/Code" start="@1615991663084" delta="286" />
  <time id="10" path="/Bookstore Project/PSP0/Code" start="@1616032732854" delta="202" />
  <time id="11" path="/Bookstore Project/PSP0/Code" start="@1616128926663" delta="723" interrupt="5" />
  <time id="12" path="/Bookstore Project/PSP0/Code" start="@1616172643709" delta="483" interrupt="34" />
  <time id="13" path="/Bookstore Project/PSP0/Code" start="@1616254515688" delta="423" />
  <time id="14" path="/Bookstore Project/PSP0/Test" start="@1616279905968" />
  <time id="15" path="/Bookstore Project/PSP0/Test" start="@1616279917448" delta="230" />
  <time id="16" path="/Bookstore Project/PSP0/Test" start="@1616369789738" delta="350" />
  <time id="17" path="/Bookstore Project/PSP0/Test" start="@1616444205283" delta="577" />
  <time id="18" path="/Quick-Basket Project/PSP0/Code" start="@1619136216482" delta="196" comment="Implementing AVL trees" />
  <time id="19" path="/Quick-Basket Project/PSP0/Code" start="@1619198034902" delta="766" comment="Continuing with the implementation of AVL tree, also we uploaded project on another github because Julian was using other version of JRE" />
  <time id="20" path="/Quick-Basket Project/PSP0/Code" start="@1619209899029" comment="Finished AVL Tree Implementation and Red and BlacK Tree Implementation" />
  <time id="21" path="/Quick-Basket Project/PSP0/Code" start="@1619241615011" comment="Testing AVL tree" />
  <time id="22" path="/Quick-Basket Project/PSP0/Code" start="@1619243971000" />
  <time id="23" path="/Quick-Basket Project/PSP0/Code" start="@1619308989998" delta="324" comment="Implementing GUI" />
  <time id="24" path="/Quick-Basket Project/PSP0/Code" start="@1619370374951" delta="165" />
  <time id="25" path="/Quick-Basket Project/PSP0/Test" start="@1619388885309" delta="135" comment="testing GUI" />
  <time id="26" path="/Economic-Travel Project/PSP0/Planning" start="@1621010372191" delta="394" />
  <time id="27" path="/Economic-Travel Project/PSP0/Code" start="@1621873140696" delta="73" />
  <time id="28" path="/Economic-Travel Project/PSP0/Code" start="@1622045295344" delta="674" />
  <time id="29" path="/Economic-Travel Project/PSP0/Code" start="@1622219214467" delta="1790" interrupt="362" comment="Working on GUI of the project" />
  <time id="30" path="/Economic-Travel Project/PSP0/Code" start="@1622512328423" delta="213" comment="Implemeting lines on GUI map" />
  <time id="31" path="/Economic-Travel Project/PSP0/Code" start="@1622577567231" delta="361" comment="Adding some options to GUI and fixing methods on controller" />
  <time id="32" path="/Economic-Travel Project/PSP0/Code" start="@1622606868298" delta="65" comment="Added menu to choose basic options and also additional options" />
  <time id="33" path="/Economic-Travel Project/PSP0/Code" start="@1622660430509" delta="246" comment="GUI is almost finished, just two littles things are left to complete" />
</timeLogEntries>
